epoch,train_loss,val_loss,val_miou,val_f1,val_recall,val_precision,best_val_loss,best_val_miou,best_epoch,best_model_path
1,0.497322,0.494882,0.014957,0.027945,0.404313,0.212521,0.494882,0.014957,1,checkpoints\unet\MARIDA\best_model_20260723_220423.pth
2,0.496770,0.499165,0.126964,0.157306,0.381883,0.201234,0.494882,0.126964,2,checkpoints\unet\MARIDA\best_model_20260723_220423.pth
3,0.496899,0.494289,0.188715,0.217147,0.350958,0.217898,0.494289,0.188715,3,checkpoints\unet\MARIDA\best_model_20260723_220423.pth
4,0.496632,0.494419,0.193154,0.223390,0.454734,0.220679,0.494289,0.193154,4,checkpoints\unet\MARIDA\best_model_20260723_220423.pth
5,0.496272,0.494825,0.163905,0.193086,0.340283,0.209820,0.494289,0.193154,4,checkpoints\unet\MARIDA\best_model_20260723_220423.pth
6,0.495983,0.494273,0.183503,0.211884,0.341232,0.215829,0.494273,0.193154,4,checkpoints\unet\MARIDA\best_model_20260723_220423.pth
7,0.495750,0.494937,0.188009,0.214342,0.347354,0.215686,0.494273,0.193154,4,checkpoints\unet\MARIDA\best_model_20260723_220423.pth
8,0.495953,0.495150,0.184145,0.207599,0.347631,0.211759,0.494273,0.193154,4,checkpoints\unet\MARIDA\best_model_20260723_220423.pth
9,0.495845,0.493346,0.233896,0.270448,0.316997,0.254850,0.493346,0.233896,9,checkpoints\unet\MARIDA\best_model_20260723_220423.pth
10,0.497129,0.494960,0.190345,0.218520,0.346418,0.218327,0.493346,0.233896,9,checkpoints\unet\MARIDA\best_model_20260723_220423.pth
11,0.495668,0.494117,0.193571,0.223188,0.352836,0.220983,0.493346,0.233896,9,checkpoints\unet\MARIDA\best_model_20260723_220423.pth
12,0.495881,0.493804,0.217173,0.244945,0.364644,0.230218,0.493346,0.233896,9,checkpoints\unet\MARIDA\best_model_20260723_220423.pth
13,0.496097,0.494063,0.250684,0.289442,0.306985,0.279563,0.493346,0.250684,13,checkpoints\unet\MARIDA\best_model_20260723_220423.pth
14,0.495576,0.494846,0.196996,0.223440,0.358605,0.219350,0.493346,0.250684,13,checkpoints\unet\MARIDA\best_model_20260723_220423.pth
15,0.496174,0.493922,0.214238,0.239686,0.358765,0.226078,0.493346,0.250684,13,checkpoints\unet\MARIDA\best_model_20260723_220423.pth
16,0.495360,0.493727,0.217795,0.250622,0.338950,0.236491,0.493346,0.250684,13,checkpoints\unet\MARIDA\best_model_20260723_220423.pth
17,0.496006,0.493954,0.218834,0.251242,0.344639,0.236272,0.493346,0.250684,13,checkpoints\unet\MARIDA\best_model_20260723_220423.pth
18,0.495282,0.494441,0.192114,0.220575,0.371754,0.219241,0.493346,0.250684,13,checkpoints\unet\MARIDA\best_model_20260723_220423.pth
19,0.495545,0.493678,0.218037,0.247448,0.362401,0.231638,0.493346,0.250684,13,checkpoints\unet\MARIDA\best_model_20260723_220423.pth
20,0.495406,0.494573,0.193761,0.221050,0.366020,0.218795,0.493346,0.250684,13,checkpoints\unet\MARIDA\best_model_20260723_220423.pth
21,0.495223,0.494169,0.214343,0.245628,0.358120,0.232617,0.493346,0.250684,13,checkpoints\unet\MARIDA\best_model_20260723_220423.pth
22,0.494968,0.494063,0.206239,0.235870,0.364189,0.226592,0.493346,0.250684,13,checkpoints\unet\MARIDA\best_model_20260723_220423.pth
23,0.494153,0.493838,0.201812,0.230329,0.389404,0.223949,0.493346,0.250684,13,checkpoints\unet\MARIDA\best_model_20260723_220423.pth
24,0.491967,0.494215,0.218201,0.248420,0.333855,0.233868,0.493346,0.250684,13,checkpoints\unet\MARIDA\best_model_20260723_220423.pth
25,0.488025,0.493359,0.235837,0.266417,0.342705,0.244490,0.493346,0.250684,13,checkpoints\unet\MARIDA\best_model_20260723_220423.pth
26,0.483199,0.492467,0.235504,0.267368,0.347918,0.245251,0.492467,0.250684,13,checkpoints\unet\MARIDA\best_model_20260723_220423.pth
27,0.480978,0.493841,0.244719,0.276975,0.330572,0.255389,0.492467,0.250684,13,checkpoints\unet\MARIDA\best_model_20260723_220423.pth
28,0.479995,0.486943,0.232657,0.268062,0.407833,0.242975,0.486943,0.250684,13,checkpoints\unet\MARIDA\best_model_20260723_220423.pth
29,0.479833,0.490113,0.237139,0.272392,0.368200,0.248573,0.486943,0.250684,13,checkpoints\unet\MARIDA\best_model_20260723_220423.pth
30,0.475348,0.488636,0.232838,0.268014,0.391135,0.244065,0.486943,0.250684,13,checkpoints\unet\MARIDA\best_model_20260723_220423.pth
31,0.477935,0.489761,0.240004,0.277424,0.369213,0.254410,0.486943,0.250684,13,checkpoints\unet\MARIDA\best_model_20260723_220423.pth
32,0.473966,0.486138,0.240122,0.281514,0.402916,0.256536,0.486138,0.250684,13,checkpoints\unet\MARIDA\best_model_20260723_220423.pth
33,0.474089,0.489432,0.245427,0.287924,0.379790,0.279850,0.486138,0.250684,13,checkpoints\unet\MARIDA\best_model_20260723_220423.pth
34,0.471757,0.488004,0.238731,0.280780,0.391209,0.267187,0.486138,0.250684,13,checkpoints\unet\MARIDA\best_model_20260723_220423.pth
35,0.472125,0.487750,0.250771,0.296515,0.386084,0.287636,0.486138,0.250771,35,checkpoints\unet\MARIDA\best_model_20260723_220423.pth
36,0.473626,0.489462,0.231983,0.272457,0.382392,0.286466,0.486138,0.250771,35,checkpoints\unet\MARIDA\best_model_20260723_220423.pth
37,0.470274,0.490348,0.228663,0.265057,0.378170,0.256733,0.486138,0.250771,35,checkpoints\unet\MARIDA\best_model_20260723_220423.pth
38,0.470488,0.485286,0.244478,0.290026,0.411590,0.268392,0.485286,0.250771,35,checkpoints\unet\MARIDA\best_model_20260723_220423.pth
39,0.469147,0.488996,0.246215,0.288537,0.374494,0.279034,0.485286,0.250771,35,checkpoints\unet\MARIDA\best_model_20260723_220423.pth
40,0.472828,0.482166,0.242361,0.287392,0.437630,0.258972,0.482166,0.250771,35,checkpoints\unet\MARIDA\best_model_20260723_220423.pth
41,0.469244,0.487433,0.243443,0.284369,0.394924,0.257032,0.482166,0.250771,35,checkpoints\unet\MARIDA\best_model_20260723_220423.pth
42,0.471089,0.485548,0.246362,0.291208,0.409911,0.265446,0.482166,0.250771,35,checkpoints\unet\MARIDA\best_model_20260723_220423.pth
43,0.470392,0.487820,0.246038,0.289202,0.386182,0.271439,0.482166,0.250771,35,checkpoints\unet\MARIDA\best_model_20260723_220423.pth
44,0.471642,0.487189,0.249788,0.294961,0.388934,0.275785,0.482166,0.250771,35,checkpoints\unet\MARIDA\best_model_20260723_220423.pth
45,0.469986,0.487163,0.250348,0.296598,0.393176,0.283535,0.482166,0.250771,35,checkpoints\unet\MARIDA\best_model_20260723_220423.pth
46,0.471103,0.484405,0.244023,0.289775,0.415744,0.267598,0.482166,0.250771,35,checkpoints\unet\MARIDA\best_model_20260723_220423.pth
47,0.468572,0.484681,0.255347,0.304633,0.406997,0.286298,0.482166,0.255347,47,checkpoints\unet\MARIDA\best_model_20260723_220423.pth
48,0.468665,0.486936,0.234433,0.277064,0.394981,0.272106,0.482166,0.255347,47,checkpoints\unet\MARIDA\best_model_20260723_220423.pth
49,0.469014,0.488178,0.239308,0.281428,0.389424,0.270173,0.482166,0.255347,47,checkpoints\unet\MARIDA\best_model_20260723_220423.pth
50,0.467316,0.488830,0.253256,0.298736,0.365092,0.304600,0.482166,0.255347,47,checkpoints\unet\MARIDA\best_model_20260723_220423.pth
51,0.468597,0.482877,0.243941,0.290532,0.430602,0.265578,0.482166,0.255347,47,checkpoints\unet\MARIDA\best_model_20260723_220423.pth
52,0.468000,0.484643,0.248720,0.296759,0.410254,0.283418,0.482166,0.255347,47,checkpoints\unet\MARIDA\best_model_20260723_220423.pth
53,0.463992,0.486230,0.242308,0.288272,0.396684,0.294757,0.482166,0.255347,47,checkpoints\unet\MARIDA\best_model_20260723_220423.pth
54,0.468415,0.485246,0.248847,0.296396,0.400126,0.291059,0.482166,0.255347,47,checkpoints\unet\MARIDA\best_model_20260723_220423.pth
55,0.467870,0.489951,0.235189,0.273974,0.375378,0.283219,0.482166,0.255347,47,checkpoints\unet\MARIDA\best_model_20260723_220423.pth
56,0.467612,0.483118,0.247347,0.295281,0.416656,0.277981,0.482166,0.255347,47,checkpoints\unet\MARIDA\best_model_20260723_220423.pth
57,0.466131,0.490591,0.239359,0.277739,0.363854,0.295777,0.482166,0.255347,47,checkpoints\unet\MARIDA\best_model_20260723_220423.pth
58,0.468176,0.487704,0.257423,0.304908,0.364547,0.300119,0.482166,0.257423,58,checkpoints\unet\MARIDA\best_model_20260723_220423.pth
59,0.466781,0.485938,0.241045,0.285545,0.401431,0.272439,0.482166,0.257423,58,checkpoints\unet\MARIDA\best_model_20260723_220423.pth
60,0.466967,0.492760,0.222793,0.253178,0.362217,0.329883,0.482166,0.257423,58,checkpoints\unet\MARIDA\best_model_20260723_220423.pth
61,0.466403,0.491952,0.232306,0.266572,0.364280,0.319133,0.482166,0.257423,58,checkpoints\unet\MARIDA\best_model_20260723_220423.pth
62,0.470570,0.487057,0.246943,0.292846,0.390903,0.297027,0.482166,0.257423,58,checkpoints\unet\MARIDA\best_model_20260723_220423.pth
63,0.464386,0.492381,0.234829,0.268228,0.351497,0.327107,0.482166,0.257423,58,checkpoints\unet\MARIDA\best_model_20260723_220423.pth
64,0.467157,0.492001,0.238242,0.273967,0.355511,0.332849,0.482166,0.257423,58,checkpoints\unet\MARIDA\best_model_20260723_220423.pth
65,0.467396,0.491003,0.235464,0.272576,0.369091,0.291892,0.482166,0.257423,58,checkpoints\unet\MARIDA\best_model_20260723_220423.pth
66,0.464877,0.489570,0.249484,0.293217,0.363907,0.320029,0.482166,0.257423,58,checkpoints\unet\MARIDA\best_model_20260723_220423.pth
67,0.466241,0.489479,0.244384,0.286341,0.370734,0.304783,0.482166,0.257423,58,checkpoints\unet\MARIDA\best_model_20260723_220423.pth
68,0.468082,0.488241,0.256536,0.303812,0.364313,0.321592,0.482166,0.257423,58,checkpoints\unet\MARIDA\best_model_20260723_220423.pth
69,0.462561,0.489436,0.234094,0.273901,0.379496,0.287513,0.482166,0.257423,58,checkpoints\unet\MARIDA\best_model_20260723_220423.pth
70,0.465531,0.490708,0.241681,0.280789,0.360664,0.301748,0.482166,0.257423,58,checkpoints\unet\MARIDA\best_model_20260723_220423.pth
71,0.467419,0.490377,0.241542,0.280714,0.361902,0.299140,0.482166,0.257423,58,checkpoints\unet\MARIDA\best_model_20260723_220423.pth
72,0.466236,0.490463,0.242223,0.282048,0.363596,0.315822,0.482166,0.257423,58,checkpoints\unet\MARIDA\best_model_20260723_220423.pth
73,0.465723,0.487889,0.237164,0.279756,0.388010,0.285057,0.482166,0.257423,58,checkpoints\unet\MARIDA\best_model_20260723_220423.pth
74,0.466997,0.488268,0.235464,0.277763,0.387708,0.284704,0.482166,0.257423,58,checkpoints\unet\MARIDA\best_model_20260723_220423.pth
75,0.467828,0.489947,0.239929,0.280410,0.375341,0.300004,0.482166,0.257423,58,checkpoints\unet\MARIDA\best_model_20260723_220423.pth
76,0.465825,0.486873,0.242360,0.286887,0.392889,0.285169,0.482166,0.257423,58,checkpoints\unet\MARIDA\best_model_20260723_220423.pth
77,0.464096,0.490112,0.246153,0.287735,0.358371,0.327651,0.482166,0.257423,58,checkpoints\unet\MARIDA\best_model_20260723_220423.pth
78,0.464360,0.489825,0.242616,0.283376,0.369194,0.299935,0.482166,0.257423,58,checkpoints\unet\MARIDA\best_model_20260723_220423.pth
79,0.465536,0.488911,0.242671,0.285192,0.379646,0.302533,0.482166,0.257423,58,checkpoints\unet\MARIDA\best_model_20260723_220423.pth
80,0.463449,0.486249,0.260924,0.310815,0.373649,0.312671,0.482166,0.260924,80,checkpoints\unet\MARIDA\best_model_20260723_220423.pth
81,0.464545,0.487293,0.249171,0.295539,0.389781,0.299654,0.482166,0.260924,80,checkpoints\unet\MARIDA\best_model_20260723_220423.pth
82,0.464615,0.491870,0.221940,0.255125,0.367707,0.295138,0.482166,0.260924,80,checkpoints\unet\MARIDA\best_model_20260723_220423.pth
83,0.463806,0.488950,0.236532,0.277580,0.381435,0.293118,0.482166,0.260924,80,checkpoints\unet\MARIDA\best_model_20260723_220423.pth
84,0.464062,0.489180,0.231428,0.271389,0.381329,0.286128,0.482166,0.260924,80,checkpoints\unet\MARIDA\best_model_20260723_220423.pth
85,0.464559,0.490428,0.237772,0.276241,0.369631,0.318763,0.482166,0.260924,80,checkpoints\unet\MARIDA\best_model_20260723_220423.pth
86,0.465196,0.487016,0.252197,0.298692,0.379185,0.298538,0.482166,0.260924,80,checkpoints\unet\MARIDA\best_model_20260723_220423.pth
87,0.463562,0.488148,0.253694,0.300087,0.367600,0.320772,0.482166,0.260924,80,checkpoints\unet\MARIDA\best_model_20260723_220423.pth
88,0.464550,0.489575,0.238934,0.279763,0.377489,0.303464,0.482166,0.260924,80,checkpoints\unet\MARIDA\best_model_20260723_220423.pth
89,0.464391,0.490430,0.238478,0.277356,0.370361,0.318090,0.482166,0.260924,80,checkpoints\unet\MARIDA\best_model_20260723_220423.pth
90,0.463740,0.490870,0.228058,0.263841,0.371046,0.291523,0.482166,0.260924,80,checkpoints\unet\MARIDA\best_model_20260723_220423.pth
91,0.465271,0.484247,0.246888,0.294156,0.410270,0.278926,0.482166,0.260924,80,checkpoints\unet\MARIDA\best_model_20260723_220423.pth
92,0.464930,0.491566,0.230825,0.265742,0.367426,0.292443,0.482166,0.260924,80,checkpoints\unet\MARIDA\best_model_20260723_220423.pth
93,0.466119,0.491127,0.243485,0.282467,0.353774,0.313160,0.482166,0.260924,80,checkpoints\unet\MARIDA\best_model_20260723_220423.pth
94,0.467365,0.492907,0.229148,0.260754,0.360980,0.340521,0.482166,0.260924,80,checkpoints\unet\MARIDA\best_model_20260723_220423.pth
95,0.467632,0.489178,0.253548,0.298867,0.357467,0.314193,0.482166,0.260924,80,checkpoints\unet\MARIDA\best_model_20260723_220423.pth
96,0.466329,0.488900,0.244477,0.287156,0.375717,0.295274,0.482166,0.260924,80,checkpoints\unet\MARIDA\best_model_20260723_220423.pth
97,0.463867,0.491210,0.236925,0.274183,0.366300,0.311108,0.482166,0.260924,80,checkpoints\unet\MARIDA\best_model_20260723_220423.pth
98,0.464707,0.490924,0.240078,0.278640,0.363264,0.309929,0.482166,0.260924,80,checkpoints\unet\MARIDA\best_model_20260723_220423.pth
99,0.466096,0.488546,0.244073,0.287109,0.380361,0.292648,0.482166,0.260924,80,checkpoints\unet\MARIDA\best_model_20260723_220423.pth
100,0.465202,0.487532,0.253687,0.300647,0.374628,0.309614,0.482166,0.260924,80,checkpoints\unet\MARIDA\best_model_20260723_220423.pth
